ID,Data,ID_Prodotto,Quantit√†,Prezzo,TotaleVendite
1,2024-05-10,102,8,43,344
2,2024-12-31,103,12,45,540
3,2024-11-10,107,6,15,90
4,2022-05-02,108,6,224,1344
5,2023-04-12,106,2,143,286
6,2022-11-27,105,1,294,294
7,2022-03-29,101,13,135,1755
8,2024-05-21,108,14,183,2562
9,2022-05-11,103,14,161,2254
10,2024-02-09,106,2,35,70
11,2022-12-10,103,4,124,496
12,2024-03-16,107,2,293,586
13,2023-01-21,107,1,84,84
14,2024-08-13,109,7,175,1225
15,2022-10-04,105,11,198,2178
16,2023-04-05,108,11,87,957
17,2022-01-22,110,12,99,1188
18,2022-09-10,110,8,185,1480
19,2024-01-18,108,6,30,180
20,2024-05-06,101,4,63,252
21,2023-04-20,105,14,193,2702
22,2024-12-18,103,6,231,1386
23,2023-05-26,101,3,188,564
24,2023-12-01,104,12,285,3420
25,2024-09-02,108,8,121,968
26,2022-07-09,103,10,233,2330
27,2024-08-15,110,14,223,3122
28,2023-11-18,102,13,68,884
29,2024-08-15,109,13,118,1534
30,2023-07-17,110,2,166,332
31,2024-04-11,105,5,200,1000
32,2023-10-09,107,1,209,209
33,2022-01-21,102,6,205,1230
34,2024-04-20,109,2,44,88
35,2022-06-16,109,4,255,1020
36,2023-01-23,104,6,246,1476
37,2023-08-24,104,10,113,1130
38,2022-11-12,106,11,16,176
39,2022-01-14,110,8,292,2336
40,2022-08-30,110,12,10,120
41,2024-02-16,110,8,228,1824
42,2023-07-19,106,11,239,2629
43,2024-06-16,101,6,181,1086
44,2022-04-02,109,4,96,384
45,2024-08-13,102,8,50,400
46,2023-05-24,105,13,132,1716
47,2024-02-15,109,8,187,1496
48,2022-02-04,104,10,72,720
49,2022-07-25,103,14,174,2436
50,2024-10-22,107,1,196,196
51,2024-10-18,106,4,218,872
52,2023-07-20,108,4,236,944
53,2023-12-04,103,7,57,399
54,2023-02-06,105,14,233,3262
55,2023-12-31,110,14,12,168
56,2022-06-11,104,11,184,2024
57,2022-07-21,104,7,108,756
58,2024-09-22,104,13,125,1625
59,2022-09-27,110,11,279,3069
60,2024-03-26,108,8,262,2096
61,2023-04-01,106,11,104,1144
62,2024-10-13,103,5,282,1410
63,2022-10-23,110,7,33,231
64,2023-12-21,105,8,125,1000
65,2022-12-04,106,9,160,1440
66,2024-05-28,105,3,59,177
67,2024-12-12,106,3,215,645
68,2024-03-02,108,4,88,352
69,2022-08-05,107,5,79,395
70,2024-02-03,105,10,36,360
71,2022-07-07,110,1,280,280
72,2023-01-15,106,7,59,413
73,2023-05-08,104,9,256,2304
74,2024-11-30,109,8,273,2184
75,2022-01-15,104,5,88,440
76,2022-03-06,101,14,199,2786
77,2023-06-05,107,14,56,784
78,2023-10-10,107,4,198,792
79,2024-12-22,104,12,265,3180
80,2023-08-16,103,7,231,1617
81,2023-01-27,108,5,250,1250
82,2023-02-23,105,7,278,1946
83,2022-10-16,110,12,10,120
84,2023-01-14,107,1,43,43
85,2022-08-19,104,1,88,88
86,2024-10-14,104,10,245,2450
87,2022-02-10,108,14,107,1498
88,2024-11-17,108,13,91,1183
89,2022-05-15,102,3,201,603
90,2022-07-20,102,14,262,3668
91,2024-02-19,103,11,47,517
92,2024-07-18,103,2,23,46
93,2024-11-22,101,2,218,436
94,2024-12-07,103,7,98,686
95,2023-05-18,106,12,65,780
96,2023-02-11,108,10,103,1030
97,2024-03-15,110,2,102,204
98,2022-04-09,106,11,94,1034
99,2023-11-15,105,4,254,1016
100,2023-12-27,104,2,31,62
101,2024-08-18,103,6,281,1686
102,2023-09-05,104,8,131,1048
103,2023-10-05,107,10,137,1370
104,2024-10-25,101,4,122,488
105,2023-05-18,107,5,282,1410
106,2024-02-06,101,4,139,556
107,2023-02-02,102,3,141,423
108,2024-05-20,104,5,94,470
109,2024-03-05,101,14,90,1260
110,2023-01-28,109,9,78,702
111,2022-07-26,106,8,157,1256
112,2024-11-04,101,8,25,200
113,2024-06-10,101,8,114,912
114,2024-05-13,106,12,174,2088
115,2024-01-13,104,8,210,1680
116,2023-07-18,104,7,206,1442
117,2024-10-17,106,8,194,1552
118,2022-04-06,107,11,274,3014
119,2023-04-30,109,14,109,1526
120,2022-08-19,110,8,223,1784
121,2024-01-19,105,13,287,3731
122,2023-06-25,109,14,171,2394
123,2024-11-25,104,8,166,1328
124,2023-06-09,110,12,260,3120
125,2023-08-01,102,10,106,1060
126,2023-11-13,103,7,27,189
127,2023-07-11,101,12,106,1272
128,2024-10-09,106,1,10,10
129,2023-10-08,106,4,225,900
130,2024-03-06,101,13,141,1833
131,2024-11-17,103,13,269,3497
132,2022-07-09,105,4,134,536
133,2023-09-25,103,5,91,455
134,2023-09-20,110,10,292,2920
135,2024-08-30,103,6,180,1080
136,2023-12-11,110,4,68,272
137,2023-10-11,103,2,41,82
138,2022-11-14,105,6,170,1020
139,2023-11-15,105,8,293,2344
140,2023-10-26,104,8,115,920
141,2023-03-18,101,7,114,798
142,2023-07-18,105,6,237,1422
143,2024-08-09,110,2,197,394
144,2023-11-30,105,7,79,553
145,2022-04-23,104,11,299,3289
146,2022-01-02,106,12,96,1152
147,2023-10-04,110,14,65,910
148,2022-08-08,104,14,122,1708
149,2024-05-04,107,5,22,110
150,2023-01-20,107,6,27,162
151,2024-12-12,102,10,191,1910
152,2023-12-31,103,8,122,976
153,2022-09-04,101,14,238,3332
154,2024-04-15,108,8,180,1440
155,2022-07-22,109,3,198,594
156,2022-05-03,104,12,88,1056
157,2023-02-05,106,12,155,1860
158,2024-02-06,109,14,191,2674
159,2022-10-21,106,7,295,2065
160,2022-10-07,109,1,259,259
161,2024-06-02,104,1,205,205
162,2022-07-17,108,7,80,560
163,2024-09-08,109,10,257,2570
164,2024-01-22,104,9,155,1395
165,2022-05-24,105,7,115,805
166,2023-09-01,108,10,272,2720
167,2022-07-06,110,5,79,395
168,2023-04-09,106,8,202,1616
169,2023-10-22,107,2,77,154
170,2024-02-03,103,9,61,549
171,2024-08-12,107,6,294,1764
172,2023-02-07,108,13,18,234
173,2022-05-27,110,9,260,2340
174,2024-05-13,106,2,193,386
175,2023-05-04,110,3,188,564
176,2024-07-17,109,12,207,2484
177,2023-07-05,106,8,137,1096
178,2022-12-04,109,1,29,29
179,2024-05-21,104,10,74,740
180,2023-10-03,108,7,191,1337
181,2023-04-18,104,7,250,1750
182,2022-05-31,102,13,33,429
183,2022-09-20,110,1,92,92
184,2022-05-24,109,9,194,1746
185,2022-12-12,105,8,108,864
186,2023-09-16,104,4,71,284
187,2024-10-13,102,10,295,2950
188,2024-05-30,101,11,31,341
189,2022-01-02,107,5,221,1105
190,2024-06-15,106,2,135,270
191,2022-09-11,102,13,51,663
192,2023-03-29,108,9,107,963
193,2024-11-26,104,12,40,480
194,2024-10-11,108,12,167,2004
195,2022-01-09,107,6,121,726
196,2024-03-26,105,3,256,768
197,2022-07-27,110,12,131,1572
198,2023-02-08,110,7,282,1974
199,2022-06-01,108,9,216,1944
200,2022-02-23,109,3,119,357
201,2023-09-20,105,2,287,574
202,2023-08-10,110,7,65,455
203,2022-04-14,105,7,66,462
204,2022-09-11,102,4,123,492
205,2023-05-25,105,11,207,2277
206,2022-04-09,103,9,188,1692
207,2022-06-02,107,14,228,3192
208,2024-07-02,110,8,286,2288
209,2024-05-27,105,13,25,325
210,2022-12-04,108,13,70,910
211,2024-04-01,101,1,63,63
212,2024-08-14,103,1,177,177
213,2022-06-10,103,5,35,175
214,2024-03-11,109,6,74,444
215,2023-02-02,105,3,109,327
216,2024-03-26,109,13,83,1079
217,2023-02-05,109,9,201,1809
218,2023-10-02,101,12,180,2160
219,2024-11-22,102,10,282,2820
220,2023-11-19,105,14,196,2744
221,2023-04-05,104,6,32,192
222,2024-08-12,110,4,190,760
223,2023-04-15,109,12,117,1404
224,2024-11-11,107,7,171,1197
225,2024-01-20,106,8,215,1720
226,2022-02-07,107,9,87,783
227,2022-08-18,101,13,25,325
228,2023-07-17,101,11,105,1155
229,2023-03-14,108,6,156,936
230,2022-01-27,102,6,11,66
231,2022-08-14,110,8,19,152
232,2024-03-08,109,12,134,1608
233,2022-10-11,107,5,90,450
234,2024-05-28,106,14,149,2086
235,2024-08-17,101,3,159,477
236,2023-03-29,101,12,297,3564
237,2024-10-16,102,3,138,414
238,2024-03-26,106,13,248,3224
239,2023-10-21,106,6,67,402
240,2023-07-01,102,2,207,414
241,2024-12-08,101,6,220,1320
242,2022-01-17,110,13,54,702
243,2022-06-07,105,6,106,636
244,2023-04-22,105,8,288,2304
245,2024-12-05,102,7,32,224
246,2023-06-02,106,8,53,424
247,2022-04-09,109,14,36,504
248,2024-11-26,102,9,291,2619
249,2022-10-07,110,6,106,636
250,2023-05-12,102,14,45,630
251,2022-10-29,103,3,118,354
252,2022-06-30,107,10,64,640
253,2023-08-30,106,3,201,603
254,2023-12-01,108,11,228,2508
255,2024-09-19,108,12,194,2328
256,2022-07-10,106,1,78,78
257,2022-09-10,110,11,139,1529
258,2024-09-07,103,13,64,832
259,2024-07-16,103,5,106,530
260,2022-05-08,101,14,96,1344
261,2022-01-18,107,4,128,512
262,2023-07-20,105,9,217,1953
263,2023-07-24,104,9,163,1467
264,2023-11-17,110,14,44,616
265,2023-09-18,104,5,88,440
266,2024-05-03,104,10,76,760
267,2024-08-19,106,4,43,172
268,2022-06-04,108,7,106,742
269,2023-05-05,108,6,178,1068
270,2024-02-24,105,4,178,712
271,2022-09-03,106,13,160,2080
272,2024-11-28,104,13,80,1040
273,2024-01-29,109,10,12,120
274,2023-06-22,108,2,41,82
275,2024-07-09,110,1,296,296
276,2023-02-12,110,4,91,364
277,2023-06-09,101,4,52,208
278,2024-04-07,102,13,114,1482
279,2024-06-21,109,1,10,10
280,2022-02-05,108,6,70,420
281,2023-11-16,103,4,279,1116
282,2022-01-20,108,1,189,189
283,2022-11-17,101,1,233,233
284,2023-05-27,110,13,15,195
285,2023-02-04,104,1,112,112
286,2023-10-16,103,8,19,152
287,2024-08-29,106,10,80,800
288,2023-04-16,107,8,99,792
289,2024-04-13,104,2,235,470
290,2023-12-28,107,11,167,1837
291,2024-05-03,109,13,237,3081
292,2022-02-20,102,7,135,945
293,2023-07-29,103,14,218,3052
294,2022-05-30,105,8,106,848
295,2022-11-10,103,8,83,664
296,2023-07-24,108,11,124,1364
297,2022-11-01,110,10,200,2000
298,2023-11-13,108,11,179,1969
299,2024-04-17,108,13,213,2769
300,2024-12-13,109,7,65,455
301,2024-09-29,104,5,217,1085
302,2023-03-20,105,1,50,50
303,2023-09-05,105,12,41,492
304,2024-09-19,108,9,24,216
305,2022-09-21,107,13,71,923
306,2024-12-12,109,7,164,1148
307,2024-09-30,108,2,293,586
308,2022-01-05,102,6,218,1308
309,2024-02-13,110,2,196,392
310,2024-05-26,104,1,139,139
311,2024-09-18,106,14,136,1904
312,2024-06-02,102,7,123,861
313,2022-02-16,107,13,208,2704
314,2024-05-16,103,2,22,44
315,2024-04-02,103,13,280,3640
316,2024-07-24,102,14,98,1372
317,2023-10-18,108,14,224,3136
318,2022-09-26,106,2,287,574
319,2023-01-05,101,13,212,2756
320,2023-09-28,101,11,83,913
321,2023-10-19,107,5,34,170
322,2022-04-30,108,14,110,1540
323,2024-04-10,105,5,185,925
324,2024-12-17,105,7,126,882
325,2024-01-11,104,1,175,175
326,2022-04-27,106,8,50,400
327,2024-03-01,106,3,129,387
328,2024-10-09,103,4,106,424
329,2024-12-17,109,9,154,1386
330,2023-09-26,107,4,225,900
331,2023-05-28,101,10,238,2380
332,2024-03-12,107,12,139,1668
333,2023-07-14,105,5,146,730
334,2023-05-03,105,7,282,1974
335,2024-06-15,102,4,126,504
336,2023-12-05,104,14,103,1442
337,2023-08-04,106,1,177,177
338,2024-02-29,110,9,212,1908
339,2024-05-10,107,4,158,632
340,2022-09-04,105,9,192,1728
341,2022-06-03,109,6,161,966
342,2024-09-23,103,1,83,83
343,2023-11-28,101,12,283,3396
344,2024-12-28,104,3,51,153
345,2024-12-06,109,11,221,2431
346,2024-10-05,104,2,110,220
347,2022-04-04,102,9,54,486
348,2024-08-15,110,12,91,1092
349,2024-10-08,105,1,26,26
350,2023-03-29,103,13,82,1066
351,2024-06-30,109,14,23,322
352,2022-08-06,104,9,166,1494
353,2023-04-19,106,9,232,2088
354,2023-03-08,102,8,141,1128
355,2022-12-07,106,8,56,448
356,2023-07-05,103,11,116,1276
357,2022-12-23,109,14,117,1638
358,2022-01-23,102,12,274,3288
359,2023-06-06,109,1,214,214
360,2024-03-12,105,11,88,968
361,2024-02-01,108,8,164,1312
362,2023-03-18,102,10,280,2800
363,2024-02-08,106,14,256,3584
364,2024-10-12,103,3,28,84
365,2023-05-31,110,11,35,385
366,2024-11-05,105,7,226,1582
367,2024-03-02,108,11,163,1793
368,2022-12-02,110,1,163,163
369,2022-09-15,101,1,183,183
370,2023-05-12,105,10,101,1010
371,2024-06-14,103,13,190,2470
372,2022-06-09,104,5,140,700
373,2024-05-01,102,5,284,1420
374,2023-11-21,109,8,282,2256
375,2023-01-15,103,7,85,595
376,2024-08-14,102,8,186,1488
377,2023-11-22,110,6,193,1158
378,2024-12-02,109,6,140,840
379,2022-10-12,107,2,58,116
380,2023-02-01,106,6,64,384
381,2022-01-12,101,5,163,815
382,2023-05-14,105,13,209,2717
383,2024-01-24,103,3,127,381
384,2022-02-04,101,6,272,1632
385,2023-12-28,104,8,55,440
386,2024-04-28,102,9,198,1782
387,2022-03-31,102,1,138,138
388,2024-02-15,103,3,58,174
389,2023-08-28,108,3,34,102
390,2024-08-27,108,11,275,3025
391,2024-10-18,107,8,127,1016
392,2023-02-22,106,1,153,153
393,2022-04-25,109,5,209,1045
394,2023-09-09,104,3,166,498
395,2024-04-05,101,2,143,286
396,2023-02-17,108,8,157,1256
397,2023-12-30,107,3,80,240
398,2024-10-17,107,7,242,1694
399,2024-01-31,103,12,163,1956
400,2023-11-07,104,11,99,1089
401,2023-04-02,110,1,208,208
402,2024-07-08,109,6,170,1020
403,2022-07-11,106,3,35,105
404,2024-01-09,105,8,130,1040
405,2024-09-04,103,6,221,1326
406,2024-10-05,109,12,72,864
407,2022-04-06,105,2,77,154
408,2023-10-25,105,6,262,1572
409,2022-02-06,104,7,11,77
410,2022-10-06,104,5,117,585
411,2022-08-05,101,3,295,885
412,2024-05-16,107,4,58,232
413,2024-05-22,109,4,149,596
414,2022-03-03,103,6,227,1362
415,2023-08-19,102,10,53,530
416,2023-12-30,103,1,278,278
417,2023-02-01,101,11,87,957
418,2023-11-30,106,4,225,900
419,2024-11-08,107,10,107,1070
420,2022-06-26,102,13,245,3185
421,2023-01-31,108,4,291,1164
422,2023-03-21,106,10,158,1580
423,2022-03-17,104,1,75,75
424,2022-09-22,105,9,243,2187
425,2023-03-31,108,4,96,384
426,2023-12-19,103,7,88,616
427,2024-01-05,103,12,214,2568
428,2024-04-30,104,14,288,4032
429,2022-05-24,101,3,263,789
430,2024-06-03,109,10,139,1390
431,2024-12-28,108,12,93,1116
432,2023-01-31,108,3,285,855
433,2024-11-14,110,14,196,2744
434,2024-08-05,106,8,55,440
435,2024-06-09,107,8,192,1536
436,2023-07-23,106,11,277,3047
437,2024-11-28,109,12,109,1308
438,2022-04-19,103,1,87,87
439,2024-12-01,103,10,281,2810
440,2024-07-23,103,2,171,342
441,2023-02-02,110,8,53,424
442,2023-09-26,103,1,247,247
443,2024-01-03,109,12,143,1716
444,2022-08-23,104,8,201,1608
445,2023-10-20,107,8,287,2296
446,2024-01-21,109,2,27,54
447,2023-08-11,107,4,21,84
448,2024-10-29,109,6,189,1134
449,2024-08-11,103,12,132,1584
450,2023-05-07,104,11,255,2805
451,2024-07-01,108,9,231,2079
452,2022-06-19,106,8,60,480
453,2024-08-03,105,12,80,960
454,2024-03-05,104,8,57,456
455,2023-09-26,108,7,28,196
456,2022-01-29,101,14,271,3794
457,2022-12-05,109,13,93,1209
458,2023-05-15,101,9,164,1476
459,2023-05-26,108,2,62,124
460,2022-08-05,104,3,116,348
461,2024-12-29,109,10,144,1440
462,2023-03-21,105,8,78,624
463,2024-05-25,103,14,20,280
464,2022-06-16,109,6,152,912
465,2022-04-01,109,10,201,2010
466,2023-12-15,104,9,78,702
467,2022-02-08,104,10,32,320
468,2022-06-22,108,4,190,760
469,2023-10-15,102,8,18,144
470,2024-01-24,109,10,280,2800
471,2024-12-17,106,3,102,306
472,2023-04-21,109,3,26,78
473,2023-04-01,108,8,163,1304
474,2024-04-08,107,5,158,790
475,2024-06-13,101,3,276,828
476,2024-10-21,103,10,115,1150
477,2023-01-22,102,11,44,484
478,2022-12-14,105,1,128,128
479,2022-07-09,105,3,23,69
480,2023-05-20,105,12,23,276
481,2024-04-03,104,9,275,2475
482,2024-07-17,105,5,149,745
483,2024-07-22,103,12,128,1536
484,2022-05-14,101,10,247,2470
485,2022-02-27,105,2,43,86
486,2023-11-16,109,7,178,1246
487,2023-11-03,109,2,19,38
488,2022-06-22,104,4,131,524
489,2024-03-25,103,12,154,1848
490,2022-03-21,101,7,232,1624
491,2024-06-04,102,4,266,1064
492,2022-07-22,108,7,277,1939
493,2024-02-03,101,7,13,91
494,2022-02-16,108,1,115,115
495,2023-10-18,107,6,94,564
496,2023-04-16,108,9,223,2007
497,2024-08-28,106,2,130,260
498,2024-11-01,109,14,141,1974
499,2024-01-06,103,3,206,618
500,2024-02-23,110,10,28,280
501,2024-08-25,104,5,139,695
502,2022-12-24,106,9,21,189
503,2024-08-29,108,4,90,360
504,2023-10-30,105,1,271,271
505,2023-01-08,103,4,134,536
506,2024-10-28,106,6,276,1656
507,2023-11-07,104,5,149,745
508,2022-03-31,109,14,11,154
509,2023-11-29,103,13,17,221
510,2023-06-24,104,1,259,259
511,2024-01-02,107,4,148,592
512,2024-05-18,107,6,133,798
513,2022-02-10,104,13,237,3081
514,2024-01-10,106,10,19,190
515,2023-05-17,103,10,221,2210
516,2024-08-16,106,14,121,1694
517,2024-07-17,102,4,17,68
518,2023-04-06,108,14,262,3668
519,2024-01-02,102,9,23,207
520,2024-01-22,107,5,249,1245
521,2024-07-13,109,8,251,2008
522,2024-06-27,101,9,158,1422
523,2023-01-25,108,10,245,2450
524,2024-06-01,107,5,176,880
525,2022-09-13,106,6,29,174
526,2023-12-10,106,1,225,225
527,2023-03-26,106,11,144,1584
528,2022-01-10,109,12,138,1656
529,2024-04-03,102,7,255,1785
530,2024-03-08,101,4,198,792
531,2024-05-26,106,11,53,583
532,2024-10-25,110,2,95,190
533,2024-10-12,108,5,53,265
534,2023-01-09,103,12,154,1848
535,2024-12-24,110,3,60,180
536,2022-05-26,101,6,251,1506
537,2022-08-12,109,8,60,480
538,2022-06-26,101,7,275,1925
539,2024-05-02,103,3,129,387
540,2022-03-04,108,8,209,1672
541,2024-04-06,103,2,257,514
542,2024-03-05,104,10,79,790
543,2023-11-20,108,9,66,594
544,2022-04-15,101,4,48,192
545,2023-05-26,106,1,298,298
546,2023-01-20,101,8,27,216
547,2023-02-09,101,7,229,1603
548,2024-04-02,108,11,253,2783
549,2023-06-02,104,13,292,3796
550,2023-04-21,101,5,83,415
551,2023-12-10,110,10,119,1190
552,2024-02-10,107,13,189,2457
553,2024-11-12,105,5,41,205
554,2024-09-23,105,7,243,1701
555,2023-11-08,101,5,291,1455
556,2023-12-15,110,8,34,272
557,2022-03-24,106,11,288,3168
558,2023-04-02,109,13,235,3055
559,2022-01-01,109,6,66,396
560,2022-02-20,108,13,189,2457
561,2023-11-16,105,5,241,1205
562,2023-12-18,101,9,296,2664
563,2023-03-25,109,11,73,803
564,2024-05-30,101,2,241,482
565,2023-05-03,108,1,298,298
566,2022-02-03,105,8,222,1776
567,2022-04-05,103,12,267,3204
568,2024-12-31,107,3,27,81
569,2022-06-03,107,14,184,2576
570,2022-09-07,109,11,238,2618
571,2023-11-05,107,12,235,2820
572,2023-03-14,103,12,93,1116
573,2022-04-28,101,12,255,3060
574,2024-02-10,108,7,119,833
575,2022-09-25,103,10,263,2630
576,2024-12-13,108,13,97,1261
577,2022-08-24,108,11,81,891
578,2023-01-24,105,8,39,312
579,2024-09-16,101,13,181,2353
580,2024-02-02,110,13,186,2418
581,2023-02-05,107,6,148,888
582,2023-09-16,110,12,203,2436
583,2024-02-06,105,10,195,1950
584,2024-07-07,108,14,227,3178
585,2024-05-02,109,9,173,1557
586,2023-08-01,107,7,170,1190
587,2022-03-16,107,10,22,220
588,2023-03-11,101,5,98,490
589,2022-04-13,104,8,51,408
590,2024-02-03,102,2,219,438
591,2024-01-08,102,7,238,1666
592,2024-03-16,102,4,284,1136
593,2022-04-08,104,9,288,2592
594,2024-03-08,101,12,260,3120
595,2024-05-08,104,1,217,217
596,2023-03-11,102,7,149,1043
597,2023-03-23,105,6,289,1734
598,2022-09-06,103,8,43,344
599,2022-06-15,108,5,27,135
600,2024-09-10,104,1,66,66
601,2024-10-16,101,1,121,121
602,2023-06-26,101,9,14,126
603,2024-01-29,110,10,191,1910
604,2022-03-22,103,6,22,132
605,2022-05-13,109,10,294,2940
606,2024-03-07,107,5,268,1340
607,2024-06-18,102,1,99,99
608,2022-05-18,109,6,113,678
609,2022-07-03,110,6,195,1170
610,2024-02-24,102,3,259,777
611,2024-09-10,103,13,264,3432
612,2022-03-10,110,8,85,680
613,2023-06-30,102,14,117,1638
614,2022-02-22,103,1,165,165
615,2022-07-24,106,1,91,91
616,2022-05-06,109,6,86,516
617,2022-02-12,109,10,267,2670
618,2022-04-21,107,13,136,1768
619,2024-01-31,103,1,291,291
620,2024-04-27,104,6,97,582
621,2022-04-05,106,1,213,213
622,2024-06-18,105,14,25,350
623,2022-12-26,102,13,160,2080
624,2024-06-18,106,6,263,1578
625,2022-10-08,103,3,197,591
626,2023-10-29,108,14,41,574
627,2022-04-03,102,14,280,3920
628,2023-11-03,101,8,14,112
629,2022-03-02,109,13,178,2314
630,2023-09-26,103,6,190,1140
631,2024-12-10,101,13,187,2431
632,2024-10-25,107,11,152,1672
633,2023-08-27,110,13,257,3341
634,2023-11-13,105,1,136,136
635,2023-06-18,105,5,272,1360
636,2024-04-17,101,8,49,392
637,2023-10-07,109,3,264,792
638,2022-08-21,107,12,152,1824
639,2023-06-08,108,6,249,1494
640,2022-12-12,109,5,237,1185
641,2024-12-05,106,6,207,1242
642,2023-06-30,105,10,74,740
643,2024-03-04,106,1,20,20
644,2022-09-06,102,7,117,819
645,2022-02-16,104,9,35,315
646,2022-08-02,103,2,160,320
647,2022-08-27,107,10,230,2300
648,2024-12-15,109,5,246,1230
649,2022-12-16,105,10,246,2460
650,2022-04-17,106,4,228,912
651,2024-04-10,110,6,160,960
652,2022-02-17,102,6,132,792
653,2022-12-03,103,11,153,1683
654,2024-11-15,103,2,198,396
655,2024-03-14,109,2,264,528
656,2022-01-08,107,4,77,308
657,2023-09-17,108,1,113,113
658,2023-12-20,110,9,168,1512
659,2022-10-30,109,14,99,1386
660,2023-10-01,106,14,265,3710
661,2022-02-25,104,13,229,2977
662,2023-12-27,101,7,18,126
663,2023-06-10,108,12,21,252
664,2023-04-19,107,7,253,1771
665,2022-01-28,102,3,191,573
666,2022-03-19,108,11,293,3223
667,2022-12-31,105,12,108,1296
668,2023-10-28,107,3,206,618
669,2023-06-10,104,1,235,235
670,2023-11-30,105,3,112,336
671,2024-06-01,108,3,115,345
672,2024-10-27,101,4,67,268
673,2024-10-23,101,4,87,348
674,2024-07-07,104,3,84,252
675,2024-01-20,103,10,51,510
676,2022-12-29,110,12,190,2280
677,2024-03-16,102,8,42,336
678,2024-01-09,103,8,80,640
679,2024-11-04,101,13,65,845
680,2023-04-30,101,13,114,1482
681,2022-01-28,106,1,209,209
682,2023-12-15,105,7,110,770
683,2024-11-28,108,11,265,2915
684,2022-03-27,102,2,83,166
685,2022-05-06,104,1,180,180
686,2024-03-22,108,3,152,456
687,2023-06-21,106,4,175,700
688,2022-05-25,101,13,270,3510
689,2022-01-25,104,6,230,1380
690,2022-03-08,101,10,92,920
691,2022-08-21,102,14,191,2674
692,2022-04-19,105,5,19,95
693,2022-04-21,108,14,13,182
694,2022-08-16,108,4,290,1160
695,2022-04-21,103,8,224,1792
696,2022-02-03,104,11,107,1177
697,2023-09-15,110,12,110,1320
698,2024-01-18,106,14,18,252
699,2023-08-18,110,4,70,280
700,2023-03-01,103,13,155,2015
701,2023-09-05,102,10,72,720
702,2023-11-23,106,12,130,1560
703,2022-11-11,105,13,235,3055
704,2024-05-26,110,2,114,228
705,2023-10-24,105,3,269,807
706,2022-10-04,110,6,264,1584
707,2023-09-16,105,8,216,1728
708,2023-05-31,110,8,37,296
709,2024-04-22,105,11,179,1969
710,2022-12-16,103,9,85,765
711,2024-04-02,107,7,125,875
712,2024-01-29,106,13,78,1014
713,2024-06-17,104,2,243,486
714,2022-08-31,102,8,10,80
715,2023-06-27,109,7,176,1232
716,2024-11-29,101,8,227,1816
717,2022-08-17,104,12,282,3384
718,2023-07-02,101,3,260,780
719,2024-07-08,106,7,183,1281
720,2022-01-06,104,10,179,1790
721,2023-04-13,105,13,255,3315
722,2022-03-16,105,9,99,891
723,2022-01-04,109,3,58,174
724,2023-10-08,101,14,159,2226
725,2022-04-28,102,10,141,1410
726,2024-05-30,106,6,68,408
727,2023-05-19,105,2,208,416
728,2024-08-04,107,2,224,448
729,2023-07-28,103,5,58,290
730,2022-07-13,103,5,241,1205
731,2024-04-26,110,13,256,3328
732,2023-12-16,102,7,248,1736
733,2024-11-15,103,12,177,2124
734,2022-06-22,110,2,57,114
735,2022-11-22,101,11,60,660
736,2024-04-15,105,14,107,1498
737,2023-12-25,105,13,225,2925
738,2022-08-13,107,7,186,1302
739,2023-06-16,104,5,89,445
740,2022-04-23,103,14,194,2716
741,2022-05-20,101,6,36,216
742,2023-07-13,108,8,204,1632
743,2022-01-01,103,10,223,2230
744,2022-03-31,102,13,123,1599
745,2023-10-16,104,14,251,3514
746,2022-11-16,103,12,133,1596
747,2022-05-19,101,4,85,340
748,2024-04-24,103,13,205,2665
749,2022-09-16,102,7,53,371
750,2024-06-20,108,6,195,1170
751,2023-11-21,106,10,255,2550
752,2022-01-10,109,2,93,186
753,2022-09-18,108,8,216,1728
754,2022-06-21,110,10,160,1600
755,2024-06-16,103,9,165,1485
756,2022-01-13,105,5,25,125
757,2022-11-17,107,10,174,1740
758,2022-11-25,105,4,154,616
759,2024-02-24,108,6,46,276
760,2024-02-16,105,8,54,432
761,2024-06-29,101,11,215,2365
762,2022-11-14,105,3,71,213
763,2022-08-24,104,10,28,280
764,2022-11-30,106,11,16,176
765,2023-01-11,103,11,258,2838
766,2023-08-11,105,1,126,126
767,2023-05-28,102,4,77,308
768,2024-07-06,106,4,43,172
769,2024-05-22,106,1,203,203
770,2022-09-27,105,9,64,576
771,2024-03-08,106,3,275,825
772,2023-12-26,107,5,51,255
773,2022-01-05,105,6,240,1440
774,2024-04-30,101,8,19,152
775,2022-03-19,108,6,137,822
776,2023-07-28,104,3,188,564
777,2022-05-12,109,6,202,1212
778,2023-08-24,110,1,101,101
779,2024-12-01,106,4,240,960
780,2022-03-30,101,6,87,522
781,2023-02-06,103,7,94,658
782,2022-10-23,103,11,39,429
783,2023-09-08,110,13,222,2886
784,2024-03-10,104,11,58,638
785,2023-02-26,106,10,274,2740
786,2024-11-12,107,3,154,462
787,2023-07-29,110,9,78,702
788,2022-05-23,104,12,67,804
789,2024-09-19,106,12,194,2328
790,2023-10-27,101,7,71,497
791,2022-05-25,108,14,175,2450
792,2024-10-03,107,1,180,180
793,2023-05-18,109,2,72,144
794,2024-03-31,103,1,156,156
795,2022-04-14,102,11,170,1870
796,2024-11-28,101,9,150,1350
797,2022-07-17,103,9,106,954
798,2023-08-02,105,7,230,1610
799,2023-01-26,102,10,52,520
800,2023-07-08,103,3,117,351
801,2024-11-04,104,13,275,3575
802,2023-04-23,107,5,104,520
803,2024-07-11,103,4,271,1084
804,2023-02-24,109,7,80,560
805,2022-06-06,108,14,228,3192
806,2023-07-04,104,9,30,270
807,2024-10-17,101,12,101,1212
808,2024-09-23,101,2,136,272
809,2024-08-08,101,13,89,1157
810,2022-10-16,101,8,247,1976
811,2022-07-15,108,9,191,1719
812,2023-08-21,103,10,34,340
813,2023-06-01,106,14,165,2310
814,2024-05-14,103,10,14,140
815,2024-03-16,105,9,129,1161
816,2024-03-25,107,14,286,4004
817,2022-08-16,102,10,27,270
818,2022-08-04,106,14,207,2898
819,2024-08-05,106,7,66,462
820,2022-01-15,103,9,102,918
821,2022-02-16,106,9,28,252
822,2022-11-20,110,14,202,2828
823,2024-04-23,110,3,246,738
824,2022-05-10,105,4,286,1144
825,2022-04-05,102,2,236,472
826,2023-09-19,109,10,242,2420
827,2024-01-25,108,3,49,147
828,2024-03-04,103,11,162,1782
829,2022-03-10,108,11,136,1496
830,2022-01-11,109,5,246,1230
831,2024-05-21,103,5,64,320
832,2023-07-04,103,6,181,1086
833,2023-12-13,102,13,118,1534
834,2022-01-23,108,7,193,1351
835,2024-03-25,110,7,207,1449
836,2022-12-12,101,1,96,96
837,2022-10-29,108,14,210,2940
838,2022-12-29,107,2,284,568
839,2023-01-31,107,12,220,2640
840,2022-08-06,103,9,127,1143
841,2022-05-21,101,10,200,2000
842,2024-08-15,104,2,51,102
843,2024-09-11,109,6,51,306
844,2024-09-19,105,11,285,3135
845,2024-04-07,101,11,26,286
846,2023-11-14,105,1,292,292
847,2024-09-30,108,3,267,801
848,2022-12-22,108,2,72,144
849,2024-10-04,105,3,71,213
850,2024-06-06,109,5,109,545
851,2022-05-07,101,11,28,308
852,2024-10-05,104,10,26,260
853,2023-08-27,103,6,255,1530
854,2024-10-10,102,9,260,2340
855,2022-02-20,108,12,90,1080
856,2024-11-18,107,11,48,528
857,2024-02-18,109,10,45,450
858,2024-03-24,102,12,206,2472
859,2023-02-24,104,12,167,2004
860,2024-09-09,106,13,213,2769
861,2024-04-04,103,4,205,820
862,2024-10-21,108,7,225,1575
863,2023-07-21,103,6,294,1764
864,2023-01-06,102,2,205,410
865,2024-07-24,103,10,161,1610
866,2023-10-23,106,11,23,253
867,2024-08-26,102,11,155,1705
868,2022-07-21,108,11,66,726
869,2022-11-09,101,8,220,1760
870,2022-04-27,107,7,277,1939
871,2024-07-25,102,7,219,1533
872,2023-07-29,110,14,26,364
873,2022-09-01,106,8,295,2360
874,2023-06-21,102,12,212,2544
875,2022-03-16,102,12,108,1296
876,2023-01-21,110,13,288,3744
877,2023-04-20,108,14,218,3052
878,2023-02-22,102,11,138,1518
879,2022-12-13,107,1,297,297
880,2023-10-02,103,13,261,3393
881,2024-07-27,108,1,274,274
882,2024-08-12,107,8,280,2240
883,2024-05-25,108,4,197,788
884,2024-02-02,107,5,223,1115
885,2023-10-26,106,8,292,2336
886,2022-01-25,107,5,220,1100
887,2023-12-11,105,10,85,850
888,2022-06-26,107,4,157,628
889,2022-10-12,101,12,222,2664
890,2022-03-04,101,6,118,708
891,2024-09-29,109,13,138,1794
892,2023-10-24,105,12,19,228
893,2023-10-28,105,5,56,280
894,2022-06-05,103,14,105,1470
895,2024-12-08,105,7,112,784
896,2024-08-24,103,14,155,2170
897,2024-04-28,109,10,36,360
898,2023-11-20,109,7,229,1603
899,2022-05-28,106,13,27,351
900,2022-12-08,101,4,176,704
901,2023-04-21,107,12,91,1092
902,2024-12-22,107,13,81,1053
903,2023-07-15,110,5,263,1315
904,2022-11-23,110,13,171,2223
905,2024-09-16,104,3,47,141
906,2022-08-03,108,4,210,840
907,2023-03-11,106,14,209,2926
908,2024-08-09,104,4,264,1056
909,2023-12-24,104,3,188,564
910,2022-02-01,102,13,44,572
911,2023-11-01,102,10,91,910
912,2022-10-12,104,5,229,1145
913,2023-03-05,105,5,167,835
914,2022-10-13,108,11,13,143
915,2024-11-08,106,7,176,1232
916,2022-01-18,104,4,213,852
917,2024-02-08,107,13,203,2639
918,2023-08-13,108,4,244,976
919,2024-10-06,102,9,215,1935
920,2022-07-13,107,6,159,954
921,2023-05-17,102,4,168,672
922,2024-09-14,102,2,288,576
923,2022-04-24,108,6,175,1050
924,2024-08-04,102,2,77,154
925,2024-04-10,109,5,97,485
926,2024-07-13,101,6,226,1356
927,2022-02-24,109,4,10,40
928,2024-03-10,101,14,144,2016
929,2024-02-17,110,13,194,2522
930,2022-06-11,110,3,149,447
931,2022-03-28,102,7,115,805
932,2022-02-24,106,2,142,284
933,2024-10-28,106,13,117,1521
934,2024-04-12,101,11,187,2057
935,2022-11-09,107,14,155,2170
936,2024-01-29,108,6,83,498
937,2023-03-19,102,13,117,1521
938,2022-11-24,108,4,131,524
939,2024-12-13,109,6,26,156
940,2024-01-31,106,4,205,820
941,2023-08-02,105,4,261,1044
942,2024-12-10,109,4,128,512
943,2024-10-03,109,9,171,1539
944,2022-04-06,101,7,207,1449
945,2024-03-24,103,3,54,162
946,2023-05-06,109,3,188,564
947,2023-03-28,102,6,53,318
948,2022-06-14,104,6,280,1680
949,2022-07-01,104,4,87,348
950,2023-04-14,102,9,187,1683
951,2024-06-28,103,4,12,48
952,2024-01-05,103,9,223,2007
953,2024-04-02,101,4,83,332
954,2024-08-01,106,2,60,120
955,2022-01-07,108,2,76,152
956,2022-11-26,103,5,102,510
957,2024-02-14,105,4,185,740
958,2022-05-31,101,7,154,1078
959,2022-05-27,110,14,16,224
960,2024-07-03,107,11,278,3058
961,2023-12-01,110,5,13,65
962,2022-03-23,101,6,147,882
963,2023-05-29,109,10,240,2400
964,2024-03-25,108,4,97,388
965,2023-12-10,107,13,26,338
966,2024-01-16,110,12,61,732
967,2024-10-19,107,2,143,286
968,2023-12-08,105,13,220,2860
969,2023-04-16,105,10,228,2280
970,2023-01-31,105,9,214,1926
971,2022-09-18,101,10,220,2200
972,2024-03-15,108,7,286,2002
973,2024-07-22,101,4,33,132
974,2024-06-23,104,3,13,39
975,2024-12-12,109,10,161,1610
976,2024-07-28,109,14,268,3752
977,2024-05-03,105,3,177,531
978,2023-08-16,104,9,185,1665
979,2023-12-15,103,5,65,325
980,2023-09-24,103,13,117,1521
981,2022-02-28,105,3,150,450
982,2022-05-08,110,5,164,820
983,2024-01-06,101,2,271,542
984,2023-12-22,105,11,282,3102
985,2023-06-10,106,4,241,964
986,2023-06-05,107,10,250,2500
987,2023-07-06,109,2,267,534
988,2022-08-25,103,2,258,516
989,2023-05-09,102,12,86,1032
990,2022-01-04,103,8,189,1512
991,2023-10-28,109,1,75,75
992,2023-03-18,107,14,180,2520
993,2022-01-29,109,7,31,217
994,2023-09-02,102,5,116,580
995,2024-03-15,105,11,236,2596
996,2022-03-16,104,8,225,1800
997,2024-04-17,102,1,78,78
998,2022-05-08,109,11,93,1023
999,2022-02-11,109,7,112,784
1000,2022-02-10,106,5,48,240
1001,2024-07-22,106,4,22,88
1002,2022-02-03,108,7,190,1330
1003,2024-11-06,106,10,277,2770
1004,2024-09-24,101,2,22,44
1005,2023-08-11,104,12,129,1548
1006,2022-12-08,107,1,66,66
1007,2022-01-27,102,1,49,49
1008,2023-10-08,109,11,137,1507
1009,2024-01-01,108,12,182,2184
1010,2022-06-17,108,1,44,44
1011,2023-09-02,107,12,268,3216
1012,2022-09-25,104,5,14,70
1013,2024-03-31,102,10,227,2270
1014,2023-03-31,103,7,20,140
1015,2024-06-24,106,2,126,252
1016,2024-07-10,105,10,193,1930
1017,2024-09-07,108,8,125,1000
1018,2023-12-03,106,4,171,684
1019,2023-09-26,106,12,76,912
1020,2022-05-10,101,3,209,627
1021,2024-10-16,104,10,40,400
1022,2024-03-29,105,11,84,924
1023,2023-11-24,103,8,246,1968
1024,2024-03-04,109,2,75,150
1025,2022-01-29,101,11,79,869
1026,2022-05-29,106,11,29,319
1027,2022-01-11,106,13,235,3055
1028,2023-11-07,110,3,208,624
1029,2022-07-06,105,12,48,576
1030,2024-03-17,105,3,154,462
1031,2024-01-14,110,10,54,540
1032,2022-04-08,105,11,100,1100
1033,2022-02-24,106,1,247,247
1034,2023-09-15,108,6,79,474
1035,2023-10-26,102,2,175,350
1036,2024-01-28,106,1,139,139
1037,2023-02-10,101,2,223,446
1038,2022-03-10,104,12,98,1176
1039,2024-01-21,110,6,261,1566
1040,2024-08-15,103,14,81,1134
1041,2022-12-31,109,4,174,696
1042,2023-04-27,103,6,58,348
1043,2022-07-20,106,12,61,732
1044,2022-06-03,101,9,298,2682
1045,2022-03-14,106,13,287,3731
1046,2023-12-14,104,10,123,1230
1047,2022-10-23,108,12,248,2976
1048,2024-11-06,109,10,142,1420
1049,2022-03-02,104,8,283,2264
1050,2024-07-27,110,1,175,175
1051,2022-02-11,110,13,252,3276
1052,2022-01-25,106,8,147,1176
1053,2024-11-28,101,9,88,792
1054,2022-05-11,104,6,179,1074
1055,2022-04-18,107,10,132,1320
1056,2022-06-21,101,5,185,925
1057,2022-04-12,108,6,91,546
1058,2024-05-15,110,13,96,1248
1059,2023-06-08,106,6,234,1404
1060,2022-10-02,105,9,25,225
1061,2024-12-03,110,4,172,688
1062,2024-03-27,109,2,107,214
1063,2024-08-14,102,11,165,1815
1064,2024-11-06,105,11,11,121
1065,2022-11-26,106,9,178,1602
1066,2022-01-12,107,2,101,202
1067,2022-08-04,105,10,190,1900
1068,2022-12-05,109,9,240,2160
1069,2023-10-23,101,2,157,314
1070,2023-01-09,107,12,289,3468
1071,2024-09-02,110,8,198,1584
1072,2023-12-11,107,9,137,1233
1073,2023-04-11,104,12,16,192
1074,2023-05-04,109,10,56,560
1075,2022-02-16,105,9,62,558
1076,2024-02-17,104,10,196,1960
1077,2024-11-05,107,9,47,423
1078,2023-12-12,104,2,235,470
1079,2023-02-05,103,4,62,248
1080,2024-09-07,109,7,233,1631
1081,2022-09-07,108,12,163,1956
1082,2023-01-26,101,2,57,114
1083,2022-12-01,107,1,156,156
1084,2023-09-21,109,3,73,219
1085,2022-05-17,108,12,191,2292
1086,2024-06-01,108,4,134,536
1087,2023-11-19,106,8,188,1504
1088,2024-04-06,104,6,48,288
1089,2023-12-28,108,11,269,2959
1090,2023-08-17,103,2,12,24
1091,2024-09-16,109,9,73,657
1092,2023-01-07,102,14,38,532
1093,2024-07-23,102,2,20,40
1094,2024-09-21,107,13,106,1378
1095,2023-02-06,110,12,212,2544
1096,2023-09-07,104,5,30,150
1097,2024-09-21,110,12,48,576
1098,2023-09-12,108,4,232,928
1099,2022-07-07,109,13,111,1443
1100,2022-05-11,107,7,55,385
1101,2024-03-15,105,8,75,600
1102,2024-07-24,108,5,100,500
1103,2024-09-12,104,10,173,1730
1104,2022-07-02,102,14,120,1680
1105,2024-09-09,106,14,132,1848
1106,2022-12-30,109,5,202,1010
1107,2022-02-08,101,2,108,216
1108,2023-05-12,110,8,168,1344
1109,2024-09-08,107,14,112,1568
1110,2024-07-09,110,2,290,580
1111,2023-12-23,109,10,52,520
1112,2022-01-16,110,12,93,1116
1113,2023-05-08,109,6,200,1200
1114,2024-06-12,110,8,60,480
1115,2022-11-07,103,6,219,1314
1116,2024-01-09,105,4,135,540
1117,2023-06-30,108,13,78,1014
1118,2023-02-18,108,4,274,1096
1119,2022-09-08,104,6,267,1602
1120,2024-01-29,101,14,197,2758
1121,2024-11-28,101,13,239,3107
1122,2024-03-24,104,4,198,792
1123,2022-01-29,106,8,19,152
1124,2024-08-15,108,9,123,1107
1125,2023-04-22,106,1,85,85
1126,2022-11-14,109,13,173,2249
1127,2022-09-02,109,4,94,376
1128,2024-01-18,102,4,58,232
1129,2023-11-28,110,2,186,372
1130,2022-09-29,101,6,227,1362
1131,2023-01-12,102,3,198,594
1132,2022-09-23,105,7,239,1673
1133,2024-07-14,104,13,264,3432
1134,2024-07-09,104,11,245,2695
1135,2022-12-06,109,11,35,385
1136,2023-01-24,108,5,81,405
1137,2023-07-31,106,4,270,1080
1138,2022-01-03,101,5,263,1315
1139,2023-01-11,102,8,280,2240
1140,2022-11-20,106,3,132,396
1141,2022-05-26,102,14,153,2142
1142,2022-10-20,110,7,266,1862
1143,2023-03-08,105,14,153,2142
1144,2023-12-06,105,6,268,1608
1145,2024-08-06,106,12,56,672
1146,2023-08-08,106,1,22,22
1147,2023-02-03,106,13,217,2821
1148,2024-03-27,102,7,244,1708
1149,2024-08-21,110,14,158,2212
1150,2022-07-06,103,13,164,2132
1151,2022-03-02,106,7,175,1225
1152,2024-07-27,108,14,99,1386
1153,2023-12-11,101,12,195,2340
1154,2024-03-17,101,1,183,183
1155,2022-01-11,102,9,226,2034
1156,2024-12-21,106,6,273,1638
1157,2022-08-14,109,12,106,1272
1158,2023-07-18,104,2,126,252
1159,2024-02-11,103,5,208,1040
1160,2024-06-03,108,13,30,390
1161,2022-08-14,110,11,209,2299
1162,2024-04-04,109,4,257,1028
1163,2022-08-06,105,7,285,1995
1164,2024-07-25,109,8,273,2184
1165,2024-01-23,102,11,67,737
1166,2023-05-21,103,14,40,560
1167,2022-09-16,107,11,258,2838
1168,2022-02-23,107,1,102,102
1169,2024-12-06,106,5,274,1370
1170,2023-12-28,106,3,280,840
1171,2023-11-20,102,1,103,103
1172,2024-11-09,110,12,163,1956
1173,2023-02-23,106,3,294,882
1174,2023-11-21,104,14,89,1246
1175,2024-04-29,103,6,93,558
1176,2022-03-03,102,14,46,644
1177,2022-08-04,101,7,241,1687
1178,2022-01-03,105,8,102,816
1179,2022-06-09,102,13,111,1443
1180,2024-02-20,102,11,175,1925
1181,2024-06-11,107,4,168,672
1182,2022-11-25,108,3,23,69
1183,2023-08-03,110,5,234,1170
1184,2024-08-09,108,9,82,738
1185,2023-09-27,104,13,258,3354
1186,2024-09-14,101,6,100,600
1187,2024-07-09,107,9,225,2025
1188,2024-01-08,101,6,99,594
1189,2022-06-19,104,2,38,76
1190,2023-06-05,108,13,229,2977
1191,2022-02-09,102,5,224,1120
1192,2024-08-12,106,12,230,2760
1193,2024-09-10,106,11,51,561
1194,2024-09-01,109,9,144,1296
1195,2022-02-07,105,8,51,408
1196,2022-11-24,110,7,173,1211
1197,2024-07-02,104,1,292,292
1198,2023-03-30,105,4,67,268
1199,2022-02-06,110,12,34,408
1200,2024-08-30,105,7,82,574
1201,2024-03-06,108,11,138,1518
1202,2024-08-30,110,7,96,672
1203,2023-08-16,108,6,162,972
1204,2024-11-29,102,8,191,1528
1205,2022-08-12,107,11,134,1474
1206,2022-11-14,108,13,76,988
1207,2022-12-15,106,6,15,90
1208,2022-04-25,105,10,134,1340
1209,2023-11-29,109,3,62,186
1210,2024-11-29,103,4,75,300
1211,2022-02-09,110,14,91,1274
1212,2022-08-04,104,3,96,288
1213,2022-12-02,109,1,11,11
1214,2022-04-02,106,10,213,2130
1215,2022-12-19,108,5,159,795
1216,2023-07-25,107,1,112,112
1217,2024-03-26,102,1,33,33
1218,2024-02-20,103,2,221,442
1219,2022-12-29,101,13,74,962
1220,2023-07-11,109,4,218,872
1221,2022-12-22,107,6,260,1560
1222,2022-07-10,101,8,126,1008
1223,2023-02-26,103,13,125,1625
1224,2023-12-01,104,3,246,738
1225,2022-01-07,104,1,114,114
1226,2022-05-13,105,3,268,804
1227,2023-07-11,103,12,55,660
1228,2024-04-05,103,3,225,675
1229,2024-01-31,101,5,33,165
1230,2024-11-20,107,11,44,484
1231,2023-06-19,110,12,33,396
1232,2023-03-02,101,12,37,444
1233,2023-11-03,102,4,25,100
1234,2022-12-29,104,13,68,884
1235,2022-03-23,104,4,252,1008
1236,2022-12-22,105,9,216,1944
1237,2023-08-12,102,7,280,1960
1238,2022-10-22,104,4,258,1032
1239,2024-12-05,101,3,276,828
1240,2022-01-17,102,6,202,1212
1241,2022-12-26,101,3,227,681
1242,2024-05-15,110,6,124,744
1243,2023-12-01,110,11,77,847
1244,2023-03-24,104,13,84,1092
1245,2024-05-05,104,11,112,1232
1246,2022-12-31,107,13,187,2431
1247,2023-11-06,110,13,224,2912
1248,2024-10-04,109,12,48,576
1249,2023-04-12,109,9,268,2412
1250,2023-02-18,105,6,213,1278
1251,2023-08-09,110,12,16,192
1252,2024-09-20,101,4,58,232
1253,2023-07-26,101,5,35,175
1254,2022-12-01,106,13,170,2210
1255,2022-02-06,102,6,185,1110
1256,2024-09-15,108,11,88,968
1257,2022-10-05,109,3,11,33
1258,2024-07-04,104,8,141,1128
1259,2023-04-29,105,4,285,1140
1260,2024-01-01,108,8,126,1008
1261,2022-07-11,103,10,173,1730
1262,2024-11-06,105,10,297,2970
1263,2023-06-08,103,3,37,111
1264,2024-07-06,110,10,10,100
1265,2023-02-05,103,7,197,1379
1266,2024-06-04,103,11,65,715
1267,2023-12-06,107,13,44,572
1268,2022-01-22,107,12,121,1452
1269,2023-04-19,107,9,295,2655
1270,2022-07-29,110,4,45,180
1271,2022-11-02,108,8,226,1808
1272,2023-12-05,105,3,89,267
1273,2023-11-18,105,7,92,644
1274,2022-10-12,104,3,74,222
1275,2023-12-17,107,12,137,1644
1276,2024-02-02,110,7,31,217
1277,2024-08-05,104,14,225,3150
1278,2023-01-16,102,11,116,1276
1279,2023-04-05,104,10,118,1180
1280,2024-10-27,108,10,190,1900
1281,2022-01-29,109,11,173,1903
1282,2024-06-25,103,11,77,847
1283,2024-11-22,107,6,189,1134
1284,2024-05-28,109,2,190,380
1285,2022-03-20,104,11,178,1958
1286,2024-08-04,110,3,31,93
1287,2023-04-04,103,6,75,450
1288,2023-07-24,105,14,30,420
1289,2024-01-08,101,4,109,436
1290,2023-05-31,103,6,112,672
1291,2023-02-01,108,1,56,56
1292,2022-02-08,108,10,48,480
1293,2024-06-05,104,12,294,3528
1294,2024-03-07,102,1,99,99
1295,2022-06-06,108,3,94,282
1296,2024-06-02,108,8,282,2256
1297,2024-08-31,110,8,197,1576
1298,2024-11-11,104,11,168,1848
1299,2024-04-28,103,4,252,1008
1300,2024-01-18,102,6,82,492
1301,2024-09-15,109,8,58,464
1302,2022-01-21,101,7,110,770
1303,2022-10-30,107,11,11,121
1304,2024-05-18,105,7,253,1771
1305,2022-03-25,108,13,185,2405
1306,2023-07-24,104,4,247,988
1307,2024-07-22,107,9,68,612
1308,2024-10-05,105,12,108,1296
1309,2024-03-03,105,10,11,110
1310,2024-03-02,109,6,252,1512
1311,2023-05-07,109,14,220,3080
1312,2022-07-27,109,12,132,1584
1313,2024-12-19,106,11,238,2618
1314,2023-03-06,106,3,91,273
1315,2024-09-11,105,5,153,765
1316,2023-06-04,109,5,149,745
1317,2023-08-14,110,14,38,532
1318,2024-11-16,108,5,279,1395
1319,2022-07-18,107,8,256,2048
1320,2023-01-22,107,9,21,189
1321,2022-12-15,106,13,115,1495
1322,2024-08-17,105,9,41,369
1323,2023-11-24,104,13,83,1079
1324,2023-01-13,103,6,180,1080
1325,2024-06-17,103,6,78,468
1326,2024-07-04,106,9,146,1314
1327,2023-06-11,104,4,109,436
1328,2024-01-04,106,6,155,930
1329,2022-07-25,103,4,18,72
1330,2023-03-31,104,11,71,781
1331,2023-06-05,109,1,194,194
1332,2024-10-13,105,7,38,266
1333,2024-08-13,107,14,123,1722
1334,2023-12-27,110,10,152,1520
1335,2024-10-10,102,11,129,1419
1336,2023-05-16,105,12,179,2148
1337,2022-04-27,109,6,166,996
1338,2023-01-21,103,9,269,2421
1339,2023-08-07,109,7,91,637
1340,2023-01-30,106,13,251,3263
1341,2024-12-23,104,7,181,1267
1342,2023-12-22,107,2,240,480
1343,2022-03-13,108,12,217,2604
1344,2022-10-01,106,11,84,924
1345,2022-12-04,105,9,279,2511
1346,2023-08-30,106,10,123,1230
1347,2022-06-15,105,9,71,639
1348,2022-01-11,108,6,111,666
1349,2023-12-30,101,13,219,2847
1350,2024-03-11,107,3,264,792
1351,2022-04-12,110,1,29,29
1352,2024-02-18,110,4,67,268
1353,2022-08-02,102,14,121,1694
1354,2023-02-05,109,14,205,2870
1355,2023-08-11,101,3,101,303
1356,2024-06-07,110,14,61,854
1357,2024-12-05,106,12,17,204
1358,2023-08-15,109,1,107,107
1359,2022-04-02,101,3,245,735
1360,2023-11-04,104,14,78,1092
1361,2023-12-15,104,14,54,756
1362,2024-07-24,109,4,146,584
1363,2022-08-30,105,13,243,3159
1364,2022-01-02,105,13,41,533
1365,2022-08-13,106,14,298,4172
1366,2024-03-11,101,8,135,1080
1367,2023-08-12,101,9,76,684
1368,2022-04-26,109,3,39,117
1369,2024-07-06,103,6,123,738
1370,2022-07-13,104,10,213,2130
1371,2024-05-20,101,11,38,418
1372,2022-03-31,109,5,140,700
1373,2022-05-02,108,6,194,1164
1374,2022-05-23,102,4,262,1048
1375,2024-09-20,108,10,295,2950
1376,2022-04-16,107,6,71,426
1377,2024-06-05,106,7,12,84
1378,2023-03-04,101,9,77,693
1379,2022-11-13,107,10,34,340
1380,2023-09-27,110,7,188,1316
1381,2022-01-09,107,6,150,900
1382,2024-02-13,109,1,240,240
1383,2022-08-11,101,2,172,344
1384,2023-07-07,102,1,139,139
1385,2023-12-17,109,9,255,2295
1386,2022-04-21,109,10,181,1810
1387,2022-09-08,106,10,73,730
1388,2023-01-18,106,9,40,360
1389,2022-01-07,104,7,56,392
1390,2023-04-04,104,13,139,1807
1391,2022-07-27,105,2,119,238
1392,2024-06-18,103,6,78,468
1393,2022-01-22,101,11,67,737
1394,2023-02-14,101,4,115,460
1395,2024-06-13,107,1,265,265
1396,2023-05-30,101,1,180,180
1397,2024-03-19,101,12,171,2052
1398,2024-05-23,103,5,295,1475
1399,2022-01-14,110,12,80,960
1400,2024-08-28,104,2,264,528
1401,2024-09-04,104,4,64,256
1402,2024-10-10,102,1,12,12
1403,2024-11-01,101,4,35,140
1404,2022-03-28,103,11,135,1485
1405,2024-06-27,104,6,62,372
1406,2022-05-02,103,10,207,2070
1407,2024-01-20,108,4,197,788
1408,2023-11-16,110,1,195,195
1409,2022-11-05,101,7,213,1491
1410,2023-11-26,102,14,20,280
1411,2022-10-15,107,2,155,310
1412,2022-11-03,104,9,94,846
1413,2024-07-02,108,13,109,1417
1414,2023-10-24,103,3,113,339
1415,2023-07-03,106,8,55,440
1416,2022-11-08,109,13,53,689
1417,2024-05-22,101,8,287,2296
1418,2024-12-18,101,3,190,570
1419,2024-07-12,108,4,196,784
1420,2024-01-25,103,2,123,246
1421,2022-02-04,105,4,264,1056
1422,2023-03-21,101,11,39,429
1423,2022-04-03,105,11,273,3003
1424,2022-12-19,106,11,107,1177
1425,2024-06-21,108,14,124,1736
1426,2024-05-11,103,9,285,2565
1427,2022-06-08,103,2,290,580
1428,2024-08-14,110,12,284,3408
1429,2022-01-24,109,12,270,3240
1430,2023-02-08,104,13,216,2808
1431,2024-03-15,104,3,220,660
1432,2023-05-31,107,11,224,2464
1433,2024-01-02,102,11,49,539
1434,2023-06-16,108,4,35,140
1435,2024-08-13,106,5,36,180
1436,2022-06-01,103,1,199,199
1437,2024-08-04,109,7,92,644
1438,2023-08-31,105,14,179,2506
1439,2023-02-24,108,10,176,1760
1440,2024-05-15,107,7,197,1379
1441,2023-08-01,108,9,178,1602
1442,2022-12-01,107,4,298,1192
1443,2024-07-20,103,14,238,3332
1444,2022-10-22,102,14,106,1484
1445,2024-01-25,107,6,25,150
1446,2022-07-05,103,11,288,3168
1447,2023-09-29,103,2,144,288
1448,2023-06-14,102,12,35,420
1449,2022-01-21,104,12,21,252
1450,2024-06-29,108,14,81,1134
1451,2024-05-16,101,4,142,568
1452,2024-03-04,101,2,115,230
1453,2022-04-10,105,10,229,2290
1454,2024-01-22,105,5,186,930
1455,2023-04-23,101,7,291,2037
1456,2024-07-28,106,13,142,1846
1457,2023-06-10,101,1,31,31
1458,2022-11-30,105,10,278,2780
1459,2022-01-02,109,10,170,1700
1460,2023-01-10,105,7,116,812
1461,2022-10-20,106,10,288,2880
1462,2024-04-16,108,13,244,3172
1463,2024-10-01,101,6,27,162
1464,2023-07-07,102,6,251,1506
1465,2022-11-14,109,12,126,1512
1466,2023-01-16,103,8,295,2360
1467,2022-01-14,106,8,291,2328
1468,2023-05-19,105,6,153,918
1469,2022-08-19,102,3,214,642
1470,2022-05-10,107,5,48,240
1471,2024-04-17,104,2,163,326
1472,2024-06-09,101,14,185,2590
1473,2022-01-28,104,5,250,1250
1474,2022-03-07,106,14,143,2002
1475,2022-09-18,107,9,55,495
1476,2023-04-05,107,10,59,590
1477,2022-10-28,107,1,175,175
1478,2024-07-07,103,10,115,1150
1479,2022-10-14,106,5,225,1125
1480,2024-10-30,108,12,155,1860
1481,2023-09-22,104,6,81,486
1482,2022-09-27,108,14,282,3948
1483,2023-08-15,102,11,256,2816
1484,2024-04-23,110,7,195,1365
1485,2024-05-11,109,9,79,711
1486,2022-05-13,109,6,159,954
1487,2024-08-29,108,5,255,1275
1488,2023-05-28,110,12,271,3252
1489,2022-11-09,110,7,35,245
1490,2023-07-30,101,13,149,1937
1491,2024-06-04,102,1,108,108
1492,2023-11-18,106,11,287,3157
1493,2022-06-14,110,14,60,840
1494,2022-11-01,105,5,160,800
1495,2022-06-05,109,2,113,226
1496,2023-09-12,105,4,98,392
1497,2024-08-14,102,7,150,1050
1498,2022-11-30,110,5,222,1110
1499,2024-08-26,104,12,242,2904
1500,2023-05-26,109,6,192,1152
1501,2024-11-09,101,2,260,520
1502,2022-10-09,101,3,18,54
1503,2024-03-07,107,7,88,616
1504,2024-10-21,103,11,61,671
1505,2022-04-29,110,2,278,556
1506,2024-11-24,102,12,235,2820
1507,2022-07-17,109,6,60,360
1508,2023-04-30,103,5,195,975
1509,2024-12-18,102,10,43,430
1510,2024-04-16,108,1,239,239
1511,2024-10-05,110,12,140,1680
1512,2023-11-22,106,11,129,1419
1513,2024-11-01,106,10,256,2560
1514,2023-05-05,110,11,201,2211
1515,2022-10-03,107,4,219,876
1516,2023-11-24,107,11,112,1232
1517,2022-08-30,106,2,142,284
1518,2022-05-06,104,4,148,592
1519,2022-08-05,109,1,130,130
1520,2024-11-28,106,2,103,206
1521,2023-05-10,104,13,138,1794
1522,2023-03-03,103,8,100,800
1523,2024-07-07,104,6,101,606
1524,2022-05-31,103,2,72,144
1525,2023-01-19,102,12,38,456
1526,2022-11-04,105,6,219,1314
1527,2024-01-16,102,10,21,210
1528,2024-06-10,106,9,139,1251
1529,2023-01-10,103,7,182,1274
1530,2024-10-28,106,9,217,1953
1531,2022-05-09,110,5,33,165
1532,2024-10-11,109,7,108,756
1533,2023-10-31,101,11,148,1628
1534,2023-06-01,106,14,183,2562
1535,2022-03-27,109,7,38,266
1536,2022-11-07,104,12,152,1824
1537,2023-03-03,102,12,51,612
1538,2022-04-24,104,3,217,651
1539,2022-10-30,101,7,201,1407
1540,2024-01-14,103,1,169,169
1541,2023-08-11,110,9,73,657
1542,2024-09-13,109,10,252,2520
1543,2022-12-11,110,13,267,3471
1544,2024-03-24,105,6,161,966
1545,2024-03-11,106,5,224,1120
1546,2024-10-21,103,7,175,1225
1547,2024-12-12,105,5,40,200
1548,2024-12-28,108,10,241,2410
1549,2022-12-27,106,5,291,1455
1550,2024-10-06,104,11,38,418
1551,2023-12-05,102,10,204,2040
1552,2023-07-29,109,11,265,2915
1553,2023-11-19,101,7,290,2030
1554,2024-02-20,101,10,96,960
1555,2023-08-08,104,7,158,1106
1556,2023-08-12,107,13,258,3354
1557,2023-05-04,101,11,292,3212
1558,2024-08-28,109,3,207,621
1559,2023-05-09,104,3,53,159
1560,2022-01-19,103,10,37,370
1561,2023-02-01,101,12,26,312
1562,2024-09-27,110,13,136,1768
1563,2024-04-30,104,3,177,531
1564,2024-04-01,109,6,253,1518
1565,2023-03-31,110,12,85,1020
1566,2023-12-26,106,6,240,1440
1567,2024-12-24,106,13,213,2769
1568,2023-12-12,101,13,257,3341
1569,2022-05-23,110,3,223,669
1570,2024-07-05,102,3,224,672
1571,2024-04-07,106,8,167,1336
1572,2023-08-28,102,8,78,624
1573,2022-11-01,103,7,94,658
1574,2024-01-06,104,10,276,2760
1575,2022-10-18,105,4,78,312
1576,2022-04-12,109,4,108,432
1577,2024-05-16,104,3,225,675
1578,2024-08-25,109,5,170,850
1579,2024-08-31,110,3,103,309
1580,2024-04-21,103,13,183,2379
1581,2024-08-19,108,8,174,1392
1582,2024-07-30,101,7,124,868
1583,2024-10-23,109,13,229,2977
1584,2022-03-26,109,3,40,120
1585,2022-11-24,110,9,20,180
1586,2024-03-26,102,12,139,1668
1587,2023-03-30,104,14,114,1596
1588,2023-09-21,108,13,36,468
1589,2023-10-27,107,5,236,1180
1590,2022-01-12,101,9,11,99
1591,2022-10-31,105,7,110,770
1592,2024-09-01,107,7,30,210
1593,2024-02-22,104,6,67,402
1594,2022-02-12,101,2,189,378
1595,2024-08-01,109,9,29,261
1596,2022-12-09,105,6,264,1584
1597,2023-05-13,102,8,47,376
1598,2022-12-30,108,1,157,157
1599,2024-06-09,102,5,34,170
1600,2023-03-03,103,12,130,1560
1601,2024-10-01,110,1,35,35
1602,2022-01-21,101,10,178,1780
1603,2023-02-11,102,11,234,2574
1604,2023-09-11,107,14,10,140
1605,2024-10-11,110,8,270,2160
1606,2022-12-02,102,8,22,176
1607,2023-02-03,106,1,57,57
1608,2024-03-03,103,9,103,927
1609,2023-12-16,104,2,270,540
1610,2022-02-20,108,12,287,3444
1611,2022-11-20,103,9,214,1926
1612,2024-02-28,110,1,194,194
1613,2022-05-21,106,12,184,2208
1614,2023-04-15,101,10,78,780
1615,2024-02-26,107,14,113,1582
1616,2024-08-21,108,14,255,3570
1617,2024-10-04,108,9,170,1530
1618,2023-01-08,103,4,209,836
1619,2023-05-09,110,9,225,2025
1620,2024-01-21,101,7,221,1547
1621,2022-10-18,109,11,25,275
1622,2022-04-16,106,6,214,1284
1623,2023-11-01,109,5,48,240
1624,2022-01-02,107,11,98,1078
1625,2023-08-12,101,9,265,2385
1626,2023-10-06,101,2,263,526
1627,2022-03-31,106,14,225,3150
1628,2022-12-16,105,13,181,2353
1629,2024-11-28,109,11,146,1606
1630,2024-06-27,102,14,187,2618
1631,2022-06-08,108,12,86,1032
1632,2024-08-16,105,2,197,394
1633,2022-11-08,102,11,24,264
1634,2023-03-21,110,12,223,2676
1635,2022-10-25,106,9,217,1953
1636,2024-08-09,110,12,178,2136
1637,2022-02-05,108,3,289,867
1638,2023-07-13,104,8,155,1240
1639,2024-06-09,102,11,272,2992
1640,2022-05-21,105,9,13,117
1641,2024-06-05,102,8,99,792
1642,2023-12-27,102,4,69,276
1643,2024-11-15,106,12,25,300
1644,2023-06-05,110,1,236,236
1645,2022-01-10,109,4,38,152
1646,2024-09-10,104,14,160,2240
1647,2023-01-13,106,9,254,2286
1648,2023-11-13,107,2,279,558
1649,2023-08-07,106,3,88,264
1650,2022-06-01,108,10,298,2980
1651,2023-12-21,104,8,162,1296
1652,2024-12-08,101,6,286,1716
1653,2024-05-08,107,8,288,2304
1654,2022-02-19,103,7,66,462
1655,2023-10-26,106,14,195,2730
1656,2023-06-15,102,13,102,1326
1657,2024-12-19,109,13,285,3705
1658,2024-05-06,101,5,167,835
1659,2022-05-26,106,9,284,2556
1660,2024-07-03,106,4,190,760
1661,2024-09-19,105,6,86,516
1662,2022-08-30,105,2,160,320
1663,2023-08-04,101,2,247,494
1664,2023-11-18,110,2,298,596
1665,2023-04-28,105,10,240,2400
1666,2023-11-04,102,7,27,189
1667,2023-09-23,107,13,82,1066
1668,2023-10-23,103,2,198,396
1669,2023-10-24,104,12,26,312
1670,2024-03-15,103,13,28,364
1671,2023-02-23,103,2,228,456
1672,2024-09-14,104,9,129,1161
1673,2023-10-12,105,7,110,770
1674,2024-08-26,101,11,43,473
1675,2023-08-13,104,3,93,279
1676,2023-05-24,108,3,205,615
1677,2023-03-17,110,7,211,1477
1678,2024-07-09,107,5,20,100
1679,2024-02-09,109,10,227,2270
1680,2022-09-20,105,14,262,3668
1681,2023-09-29,110,14,231,3234
1682,2023-04-04,104,6,89,534
1683,2024-09-25,108,13,16,208
1684,2023-12-01,109,12,281,3372
1685,2022-10-29,107,8,236,1888
1686,2023-07-08,107,9,25,225
1687,2022-10-15,105,1,21,21
1688,2023-09-13,104,3,250,750
1689,2024-10-02,110,11,30,330
1690,2022-02-05,101,7,187,1309
1691,2024-01-14,110,6,237,1422
1692,2022-12-19,110,7,282,1974
1693,2022-03-14,107,8,297,2376
1694,2023-10-10,101,6,143,858
1695,2024-12-29,101,3,292,876
1696,2023-03-01,105,2,162,324
1697,2024-09-25,109,12,75,900
1698,2023-12-09,106,7,146,1022
1699,2023-07-15,103,12,101,1212
1700,2024-04-07,103,12,268,3216
1701,2024-08-13,107,12,112,1344
1702,2023-06-01,106,11,64,704
1703,2023-03-04,109,1,266,266
1704,2022-06-09,106,3,110,330
1705,2022-05-29,105,12,207,2484
1706,2024-02-15,110,11,235,2585
1707,2022-03-08,107,4,246,984
1708,2024-10-10,101,13,35,455
1709,2023-01-16,107,14,130,1820
1710,2022-02-27,103,1,191,191
1711,2022-12-08,109,5,208,1040
1712,2023-12-28,106,10,264,2640
1713,2024-02-09,109,3,131,393
1714,2023-09-06,105,2,40,80
1715,2022-12-20,107,3,294,882
1716,2022-04-26,104,8,115,920
1717,2023-10-24,107,6,233,1398
1718,2023-03-29,101,13,282,3666
1719,2022-10-14,107,14,241,3374
1720,2024-10-13,108,7,265,1855
1721,2022-11-07,105,12,33,396
1722,2022-07-27,102,6,118,708
1723,2023-09-10,105,6,200,1200
1724,2023-03-22,106,12,34,408
1725,2023-11-01,102,3,196,588
1726,2023-09-25,106,12,297,3564
1727,2022-02-24,106,13,125,1625
1728,2024-06-30,101,14,46,644
1729,2024-11-01,101,8,291,2328
1730,2023-10-19,110,12,146,1752
1731,2024-09-06,103,7,236,1652
1732,2023-05-30,110,7,191,1337
1733,2022-08-25,110,6,95,570
1734,2022-12-14,103,5,62,310
1735,2023-09-19,104,10,244,2440
1736,2023-09-22,102,8,276,2208
1737,2022-12-30,109,5,296,1480
1738,2022-11-17,110,9,109,981
1739,2022-10-13,107,9,96,864
1740,2022-05-29,107,1,24,24
1741,2023-02-10,106,6,110,660
1742,2024-09-04,103,7,174,1218
1743,2023-04-01,106,3,38,114
1744,2024-03-10,108,7,123,861
1745,2024-10-09,108,11,116,1276
1746,2024-02-23,109,11,139,1529
1747,2023-04-05,101,7,93,651
1748,2024-01-08,101,14,280,3920
1749,2023-05-24,103,13,253,3289
1750,2023-04-26,103,11,223,2453
1751,2022-04-24,110,2,175,350
1752,2024-01-19,108,7,288,2016
1753,2022-12-27,110,1,68,68
1754,2022-12-07,101,5,99,495
1755,2024-02-09,102,9,203,1827
1756,2024-01-31,102,7,132,924
1757,2024-08-26,103,7,145,1015
1758,2023-03-25,106,11,148,1628
1759,2024-04-14,101,13,238,3094
1760,2022-11-07,102,12,283,3396
1761,2022-09-19,101,2,59,118
1762,2023-02-10,105,8,127,1016
1763,2022-05-23,107,3,211,633
1764,2022-12-08,108,8,200,1600
1765,2022-09-01,110,3,190,570
1766,2023-05-05,101,10,87,870
1767,2022-01-12,107,7,84,588
1768,2023-07-15,105,2,290,580
1769,2022-02-11,110,4,30,120
1770,2023-11-09,101,11,180,1980
1771,2023-08-17,103,6,24,144
1772,2022-05-14,107,11,220,2420
1773,2024-12-26,110,9,57,513
1774,2024-10-27,101,5,95,475
1775,2024-08-05,107,13,158,2054
1776,2022-03-14,105,9,197,1773
1777,2023-02-03,101,5,160,800
1778,2023-08-01,101,10,150,1500
1779,2024-05-08,101,8,78,624
1780,2022-05-10,109,13,269,3497
1781,2024-07-19,103,13,18,234
1782,2022-09-23,105,1,130,130
1783,2024-03-03,110,7,110,770
1784,2022-09-10,109,4,158,632
1785,2024-04-01,106,5,155,775
1786,2022-06-13,109,6,252,1512
1787,2022-04-05,108,5,250,1250
1788,2024-04-12,108,12,52,624
1789,2022-12-02,101,1,104,104
1790,2024-04-01,109,12,235,2820
1791,2022-08-26,106,9,15,135
1792,2023-01-16,109,2,223,446
1793,2024-06-17,103,9,215,1935
1794,2023-04-28,103,10,76,760
1795,2024-06-20,106,2,109,218
1796,2024-11-14,109,9,21,189
1797,2023-04-27,107,6,246,1476
1798,2024-07-05,103,11,267,2937
1799,2024-09-20,103,9,144,1296
1800,2024-08-21,102,13,231,3003
1801,2023-06-21,109,6,165,990
1802,2024-11-01,103,6,151,906
1803,2022-05-08,105,13,167,2171
1804,2022-04-02,109,11,271,2981
1805,2023-06-27,108,14,292,4088
1806,2024-04-25,102,2,238,476
1807,2024-09-15,103,8,289,2312
1808,2023-03-23,102,3,299,897
1809,2023-01-25,108,7,177,1239
1810,2023-11-03,106,5,56,280
1811,2022-02-12,106,3,212,636
1812,2022-09-11,109,1,223,223
1813,2024-12-19,108,8,255,2040
1814,2023-10-25,104,3,33,99
1815,2023-04-12,104,2,283,566
1816,2022-10-14,109,1,53,53
1817,2024-10-07,101,4,165,660
1818,2024-02-17,102,13,208,2704
1819,2022-12-11,102,8,171,1368
1820,2023-10-04,106,13,243,3159
1821,2023-01-17,104,3,172,516
1822,2023-11-21,110,14,125,1750
1823,2024-12-15,103,1,102,102
1824,2023-04-02,103,4,51,204
1825,2024-09-09,103,9,293,2637
1826,2022-03-24,106,13,219,2847
1827,2022-05-29,108,1,215,215
1828,2022-07-09,107,12,229,2748
1829,2024-06-01,104,14,289,4046
1830,2022-09-20,104,11,145,1595
1831,2023-02-04,110,2,115,230
1832,2024-02-03,102,9,127,1143
1833,2023-09-01,101,2,246,492
1834,2024-02-24,109,13,109,1417
1835,2022-04-11,102,3,270,810
1836,2024-03-30,108,7,295,2065
1837,2024-03-30,109,3,112,336
1838,2023-02-24,104,9,72,648
1839,2022-05-04,108,6,184,1104
1840,2023-02-26,109,3,291,873
1841,2024-12-22,110,9,235,2115
1842,2024-02-07,110,1,16,16
1843,2023-04-28,105,10,136,1360
1844,2023-06-03,107,3,101,303
1845,2022-06-04,110,1,199,199
1846,2022-04-02,104,2,62,124
1847,2024-09-08,101,12,251,3012
1848,2023-03-31,103,8,141,1128
1849,2023-08-21,105,7,121,847
1850,2023-05-25,103,2,16,32
1851,2023-01-21,107,2,239,478
1852,2023-02-09,109,9,165,1485
1853,2022-09-03,106,13,206,2678
1854,2024-01-12,110,13,232,3016
1855,2023-10-23,101,6,259,1554
1856,2023-10-12,107,5,92,460
1857,2024-06-19,103,10,249,2490
1858,2022-03-06,105,6,272,1632
1859,2024-11-02,110,9,198,1782
1860,2022-08-01,104,11,299,3289
1861,2022-08-30,110,7,67,469
1862,2023-05-08,105,10,18,180
1863,2022-12-04,105,10,124,1240
1864,2022-06-22,106,14,219,3066
1865,2023-11-03,110,9,50,450
1866,2022-06-13,110,4,182,728
1867,2023-04-10,106,2,243,486
1868,2024-09-21,108,12,290,3480
1869,2023-05-12,108,8,87,696
1870,2023-12-01,109,4,117,468
1871,2023-01-30,108,13,290,3770
1872,2023-12-04,102,9,48,432
1873,2022-11-04,110,4,128,512
1874,2022-07-02,101,8,36,288
1875,2023-09-21,110,9,113,1017
1876,2023-05-25,102,13,83,1079
1877,2023-06-30,102,9,200,1800
1878,2023-09-16,103,10,156,1560
1879,2023-08-17,110,4,264,1056
1880,2024-01-14,107,1,293,293
1881,2023-07-08,102,3,222,666
1882,2022-01-21,101,9,132,1188
1883,2023-07-08,106,4,215,860
1884,2023-02-01,109,5,249,1245
1885,2023-09-17,103,7,295,2065
1886,2022-04-15,106,5,31,155
1887,2022-07-11,103,4,268,1072
1888,2022-01-17,101,2,114,228
1889,2023-01-28,105,2,267,534
1890,2023-03-01,110,13,213,2769
1891,2022-05-09,104,13,271,3523
1892,2023-07-26,107,4,116,464
1893,2022-01-29,106,10,260,2600
1894,2024-10-30,110,13,230,2990
1895,2022-08-30,107,10,231,2310
1896,2022-08-20,105,13,267,3471
1897,2024-02-28,104,9,210,1890
1898,2023-12-16,107,8,267,2136
1899,2024-01-29,107,3,234,702
1900,2024-03-12,106,14,211,2954
1901,2024-02-15,108,9,235,2115
1902,2023-12-27,104,14,245,3430
1903,2022-07-19,110,5,192,960
1904,2024-08-02,105,11,209,2299
1905,2022-03-20,104,3,255,765
1906,2024-08-13,101,5,120,600
1907,2024-05-05,108,13,15,195
1908,2023-04-12,101,10,245,2450
1909,2023-08-04,105,13,136,1768
1910,2024-07-28,106,4,113,452
1911,2023-03-25,106,8,246,1968
1912,2022-03-28,105,13,164,2132
1913,2022-04-11,103,12,266,3192
1914,2024-10-28,105,5,244,1220
1915,2024-04-24,108,10,298,2980
1916,2022-03-28,102,12,49,588
1917,2022-02-12,106,8,297,2376
1918,2023-02-12,109,9,206,1854
1919,2023-10-26,108,4,282,1128
1920,2024-11-06,108,7,273,1911
1921,2022-05-28,108,2,66,132
1922,2022-10-04,107,6,107,642
1923,2022-08-20,108,8,146,1168
1924,2023-01-01,106,12,96,1152
1925,2023-03-12,102,7,251,1757
1926,2023-02-03,102,7,208,1456
1927,2023-05-14,108,8,93,744
1928,2023-06-24,101,7,251,1757
1929,2023-07-17,106,5,290,1450
1930,2023-03-18,106,7,261,1827
1931,2024-02-12,104,13,199,2587
1932,2022-12-16,110,14,161,2254
1933,2023-06-04,103,10,287,2870
1934,2022-05-18,103,3,148,444
1935,2024-09-18,101,5,185,925
1936,2023-01-03,103,7,17,119
1937,2022-12-26,104,9,244,2196
1938,2024-07-09,105,2,172,344
1939,2022-11-25,103,4,58,232
1940,2024-08-19,106,12,47,564
1941,2023-04-08,105,7,145,1015
1942,2024-08-03,103,1,228,228
1943,2024-08-20,106,13,43,559
1944,2024-04-15,106,2,88,176
1945,2022-06-18,108,9,245,2205
1946,2022-08-05,102,13,282,3666
1947,2023-01-13,101,10,170,1700
1948,2022-04-29,104,7,184,1288
1949,2022-07-09,107,12,230,2760
1950,2024-02-06,110,10,18,180
1951,2023-01-05,103,7,298,2086
1952,2022-05-29,103,6,122,732
1953,2023-10-14,105,3,214,642
1954,2024-02-09,105,10,195,1950
1955,2023-01-09,110,3,206,618
1956,2024-02-20,103,2,275,550
1957,2022-06-09,109,11,271,2981
1958,2022-12-17,104,6,257,1542
1959,2024-06-10,103,4,124,496
1960,2023-06-07,102,5,130,650
1961,2023-06-06,110,3,150,450
1962,2024-02-22,109,6,74,444
1963,2022-09-30,104,11,285,3135
1964,2024-07-24,103,12,248,2976
1965,2022-07-02,107,3,19,57
1966,2023-05-03,108,14,242,3388
1967,2024-04-25,102,14,204,2856
1968,2022-05-04,107,8,21,168
1969,2024-09-11,105,9,186,1674
1970,2024-02-29,105,4,186,744
1971,2023-02-18,103,9,226,2034
1972,2023-11-17,105,12,20,240
1973,2022-04-23,102,7,127,889
1974,2024-06-06,104,3,173,519
1975,2022-05-02,106,7,48,336
1976,2022-02-08,101,14,62,868
1977,2023-05-12,110,1,227,227
1978,2024-02-19,104,3,215,645
1979,2024-07-31,106,6,65,390
1980,2022-05-29,109,4,127,508
1981,2024-10-18,102,7,262,1834
1982,2023-10-23,107,14,295,4130
1983,2022-10-29,106,3,277,831
1984,2022-08-26,102,1,189,189
1985,2023-10-09,108,9,244,2196
1986,2023-10-25,107,6,205,1230
1987,2022-08-24,105,8,89,712
1988,2022-07-22,105,3,144,432
1989,2022-09-13,107,8,31,248
1990,2023-08-21,109,2,234,468
1991,2023-10-24,109,12,67,804
1992,2022-08-23,109,4,102,408
1993,2023-06-18,106,3,201,603
1994,2024-05-09,110,10,112,1120
1995,2024-02-09,106,1,16,16
1996,2023-06-25,103,13,137,1781
1997,2022-08-01,101,13,64,832
1998,2023-04-08,107,7,240,1680
1999,2023-03-12,104,11,71,781
2000,2022-10-10,101,10,249,2490
